{
  "id": "4391716",
  "name": "IconFont",
  "font_family": "iconfont",
  "css_prefix_text": "icon-",
  "description": "",
  "glyphs": [
    {
      "icon_id": "9974773",
      "name": "详情",
      "font_class": "xiangqing",
      "unicode": "e715",
      "unicode_decimal": 59157
    },
    {
      "icon_id": "17455227",
      "name": "加入购物车",
      "font_class": "jiarugouwuche",
      "unicode": "e644",
      "unicode_decimal": 58948
    },
    {
      "icon_id": "6263286",
      "name": "用户管理",
      "font_class": "yonghuguanli",
      "unicode": "e659",
      "unicode_decimal": 58969
    },
    {
      "icon_id": "11465013",
      "name": "订单管理",
      "font_class": "dingdanguanli",
      "unicode": "e64c",
      "unicode_decimal": 58956
    },
    {
      "icon_id": "21698918",
      "name": "字典管理",
      "font_class": "zidianguanli",
      "unicode": "e61f",
      "unicode_decimal": 58911
    },
    {
      "icon_id": "16892973",
      "name": "向右箭头",
      "font_class": "xiangyoujiantou",
      "unicode": "e620",
      "unicode_decimal": 58912
    },
    {
      "icon_id": "20853368",
      "name": "注销",
      "font_class": "zhuxiao",
      "unicode": "e6ac",
      "unicode_decimal": 59052
    },
    {
      "icon_id": "577341",
      "name": "购物车",
      "font_class": "gouwuche",
      "unicode": "e73d",
      "unicode_decimal": 59197
    },
    {
      "icon_id": "2019062",
      "name": "商城",
      "font_class": "shangcheng",
      "unicode": "e7a8",
      "unicode_decimal": 59304
    },
    {
      "icon_id": "11518537",
      "name": "个人信息 ",
      "font_class": "gerenxinxi",
      "unicode": "e635",
      "unicode_decimal": 58933
    }
  ]
}
